{
	"credit": "Made with Blockbench",
	"texture_size": [64, 32],
	"textures": {
		"1": "item/hiyoko",
		"particle": "hiyoko"
	},
	"elements": [
		{
			"name": "head",
			"from": [6, 9, 2],
			"to": [10, 15, 5],
			"rotation": {"angle": 0, "axis": "y", "origin": [8, 0, 8]},
			"faces": {
				"north": {"uv": [0.75, 1.5, 1.75, 4.5], "texture": "#1"},
				"east": {"uv": [0, 1.5, 0.75, 4.5], "texture": "#1"},
				"south": {"uv": [2.5, 1.5, 3.5, 4.5], "texture": "#1"},
				"west": {"uv": [1.75, 1.5, 2.5, 4.5], "texture": "#1"},
				"up": {"uv": [1.75, 1.5, 0.75, 0], "texture": "#1"},
				"down": {"uv": [2.75, 0, 1.75, 1.5], "texture": "#1"}
			}
		},
		{
			"name": "bill",
			"from": [6, 11, 0],
			"to": [10, 13, 2],
			"rotation": {"angle": 0, "axis": "y", "origin": [8, 0, 8]},
			"faces": {
				"north": {"uv": [4, 1, 5, 2], "texture": "#1"},
				"east": {"uv": [3.5, 1, 4, 2], "texture": "#1"},
				"south": {"uv": [5.5, 1, 6.5, 2], "texture": "#1"},
				"west": {"uv": [5, 1, 5.5, 2], "texture": "#1"},
				"up": {"uv": [5, 1, 4, 0], "texture": "#1"},
				"down": {"uv": [6, 0, 5, 1], "texture": "#1"}
			}
		},
		{
			"name": "body",
			"from": [5, 5, 4],
			"to": [11, 11, 12],
			"rotation": {"angle": 0, "axis": "x", "origin": [8, 0, 8]},
			"faces": {
				"north": {"uv": [3, 7.5, 1.5, 4.5], "rotation": 180, "texture": "#1"},
				"east": {"uv": [0, 7.5, 1.5, 11.5], "rotation": 90, "texture": "#1"},
				"south": {"uv": [4.5, 4.5, 3, 7.5], "texture": "#1"},
				"west": {"uv": [3, 7.5, 4.5, 11.5], "rotation": 270, "texture": "#1"},
				"up": {"uv": [4.5, 7.5, 6, 11.5], "texture": "#1"},
				"down": {"uv": [1.5, 7.5, 3, 11.5], "rotation": 180, "texture": "#1"}
			}
		},
		{
			"name": "left_wing",
			"from": [4, 7, 5],
			"to": [5, 11, 11],
			"rotation": {"angle": 0, "axis": "y", "origin": [8, 0, 8]},
			"faces": {
				"north": {"uv": [7.5, 9.5, 7.75, 11.5], "texture": "#1"},
				"east": {"uv": [6, 9.5, 7.5, 11.5], "texture": "#1"},
				"south": {"uv": [9.25, 9.5, 9.5, 11.5], "texture": "#1"},
				"west": {"uv": [7.75, 9.5, 9.25, 11.5], "texture": "#1"},
				"up": {"uv": [7.75, 9.5, 7.5, 6.5], "texture": "#1"},
				"down": {"uv": [8, 6.5, 7.75, 9.5], "texture": "#1"}
			}
		},
		{
			"name": "right_wing",
			"from": [11, 7, 5],
			"to": [12, 11, 11],
			"rotation": {"angle": 0, "axis": "y", "origin": [8, 0, 8]},
			"faces": {
				"north": {"uv": [7.5, 9.5, 7.75, 11.5], "texture": "#1"},
				"east": {"uv": [6, 9.5, 7.5, 11.5], "texture": "#1"},
				"south": {"uv": [9.25, 9.5, 9.5, 11.5], "texture": "#1"},
				"west": {"uv": [7.75, 9.5, 9.25, 11.5], "texture": "#1"},
				"up": {"uv": [7.75, 9.5, 7.5, 6.5], "texture": "#1"},
				"down": {"uv": [8, 6.5, 7.75, 9.5], "texture": "#1"}
			}
		},
		{
			"name": "right_leg",
			"from": [5, 0, 9],
			"to": [11, 5, 9],
			"rotation": {"angle": 0, "axis": "y", "origin": [8, 0, 8]},
			"faces": {
				"north": {"uv": [8.75, 1.5, 10.25, 4], "texture": "#1"},
				"east": {"uv": [11.75, 1.5, 11.75, 1.5], "texture": "#1"},
				"south": {"uv": [8.75, 1.5, 10.25, 4], "texture": "#1"},
				"west": {"uv": [11.75, 1.5, 11.75, 1.5], "texture": "#1"},
				"up": {"uv": [11.75, 1.5, 11.75, 1.5], "texture": "#1"},
				"down": {"uv": [11.75, 1.5, 11.75, 1.5], "texture": "#1"}
			}
		},
		{
			"from": [5, 0, 6],
			"to": [11, 0, 9],
			"faces": {
				"north": {"uv": [11.75, 6, 11.75, 6], "texture": "#1"},
				"east": {"uv": [0, 0, 0.5, 1], "texture": "#missing"},
				"south": {"uv": [0, 0, 0.5, 1], "texture": "#missing"},
				"west": {"uv": [0, 0, 0.5, 1], "texture": "#missing"},
				"up": {"uv": [7, 3, 8.5, 4.5], "texture": "#1"},
				"down": {"uv": [7, 4.5, 8.5, 6], "texture": "#1"}
			}
		}
	],
	"display": {
		"thirdperson_righthand": {
			"rotation": [71, 0, 0],
			"translation": [-0.75, -2, 1.25],
			"scale": [0.5, 0.5, 0.5]
		},
		"thirdperson_lefthand": {
			"rotation": [71, 0, 0],
			"translation": [-0.75, -2, 1.25],
			"scale": [0.5, 0.5, 0.5]
		},
		"firstperson_righthand": {
			"translation": [-9, 0, 0]
		},
		"firstperson_lefthand": {
			"translation": [-9.08, 0, 0]
		},
		"ground": {
			"scale": [0.5, 0.5, 0.5]
		},
		"gui": {
			"rotation": [25, 140, 0],
			"translation": [0, 1.25, 0]
		},
		"head": {
			"translation": [0, 10.5, 0.25],
			"scale": [0.5, 0.5, 0.5]
		},
		"fixed": {
			"rotation": [-90, 0, 0],
			"translation": [0, 0, -31],
			"scale": [4, 4, 4]
		}
	},
	"groups": [
		{
			"name": "head",
			"origin": [8, 9, 4],
			"color": 0,
			"children": [0]
		},
		{
			"name": "bill",
			"origin": [8, 9, 4],
			"color": 0,
			"children": [1]
		},
		{
			"name": "chin",
			"origin": [8, 9, 4],
			"color": 0,
			"children": []
		},
		{
			"name": "body",
			"origin": [8, 8, 8],
			"color": 0,
			"children": [2]
		},
		{
			"name": "left_wing",
			"origin": [4, 11, 8],
			"color": 0,
			"children": [3]
		},
		{
			"name": "right_wing",
			"origin": [12, 11, 8],
			"color": 0,
			"children": [4]
		},
		{
			"name": "left_leg",
			"origin": [7, 5, 9],
			"color": 0,
			"children": []
		},
		{
			"name": "right_leg",
			"origin": [10, 5, 9],
			"color": 0,
			"children": [5, 6]
		}
	]
}